"Identificação do post","Identificação da conta","Nome de usuário da conta","Nome da conta",Descrição,"Duração (s)","Horário de publicação","Link permanente","Tipo de post","Comentário de dados",Data,Visualizações,Alcance,Curtidas,Compartilhamentos,Seguimentos,Comentários,Salvamentos
18101353487050647,17841473486022892,powercoffee.ofc,"The Power Coffee","Your coffee wakes you up.
Ginkgo biloba makes you sharp.

There's a difference between awake and actually focused — and it comes down to blood flow.

400+ clinical trials. 2,000 years of use. Validated by modern neuroscience.

We put it in every scoop of Power Coffee for a reason.

Swipe to understand why — then save this for when someone asks why you switched. ↓

#ginkgobiloba #functionalcoffee #brainhealth #cleanenergy #nootropics #morningroutine #powercoffee #biohacking #focusandflow #cognitiveperformance #ingredientscience #thefirstwin",0,"05/11/2026 05:45",https://www.instagram.com/p/DYMufKZjiSM/,"Carrossel do Instagram",,Total,102,57,6,1,0,0,0
18102970708974467,17841473486022892,powercoffee.ofc,"The Power Coffee","Clean energy isn't just caffeine. It's what you build around it.

Ginkgo biloba has been studied for decades for cognitive support. We didn't add it because it sounds smart on a label — we added it for what it does to cerebral blood flow.

One scoop. Every morning. Most people feel the difference by day three.

Link in bio → thepowercoffee.com

#ginkgobiloba #nootropics #functionalcoffee #cleanenergy #cognitiveperformance #morningroutine #biohacking #powercoffee #brainhealth #focusfuel #ingredientscience #thefirstwin

---",0,"05/12/2026 03:41",https://www.instagram.com/p/DYPFKcMjpzK/,"Carrossel do Instagram",,Total,79,50,4,1,0,0,0
18112890814657823,17841473486022892,powercoffee.ofc,"The Power Coffee","Your Monday is decided Friday.

Not by your alarm.
Not by your to-do list.
By the ritual you set up before the week starts.

One scoop. 11 ingredients. Clean energy through the whole morning — no crash, no second cup, no midday fog.

Order today. It ships fast. Try it Monday.

Link in bio or find us on Amazon.

#powercoffee #thefirstwin #cleanenergy #morningritual #functionalcoffee #biohacking #morningroutine #highperformance #nootropics #coffeebooster #focusstack #sustainedenergy",0,"05/15/2026 01:01",https://www.instagram.com/p/DYWhJ5_IMQ1/,"Carrossel do Instagram",,Total,96,56,2,1,1,0,0
17987801942816456,17841473486022892,powercoffee.ofc,"The Power Coffee","Most people blame caffeine for the 11am crash.

The real culprit? Blood sugar with nothing holding it steady.

5g of pea protein in every scoop of Power Coffee changes that equation — slowing glucose absorption, cutting the spike, and keeping your energy clean and level through the whole morning.

Not a replacement. A smarter scoop.

Full ingredient breakdown in the carousel. Save it.

Link in bio → thepowercoffee.com",0,"05/19/2026 07:12",https://www.instagram.com/p/DYhe3DFlXUO/,"Carrossel do Instagram",,Total,95,45,1,1,0,0,0
18036142016804124,17841473486022892,powercoffee.ofc,"The Power Coffee","Ironman prep means two hours before the day starts. Then the workday. Then Gabriel and Helena need a dad who's present — not running on cortisol fumes.

The window between your last interval and your first meeting is where most mornings fall apart. I built Power Coffee because mine kept falling apart.

Clean caffeine, matcha for a six-hour arc, taurine to support the full morning — not just the first forty minutes.

Still drinking it. Still the same formula.",19,"05/20/2026 06:06",https://www.instagram.com/reel/DYj8BcokV3M/,"Reel do Instagram",,Total,438,279,10,3,0,1,0
18557953942065795,17841473486022892,powercoffee.ofc,"The Power Coffee","Most people optimize everything — their inbox, their workouts, their calendar — and leave their morning energy to a $6 drink built around a spike and a crash.

Power Coffee is $1.19 a serving. Fifteen mornings for $17.90. Eleven ingredients chosen specifically to hold energy steady — not just start it. Cinnamon supports blood sugar stability so the energy doesn't drop when caffeine burns out. Matcha extends the arc over four to six hours. Taurine keeps the cortisol response clean.

One scoop. No overhaul required. The first win of your day.

Try it → thepowercoffee.com | @powercoffee.ofc

#powercoffee #thefirstwin #functionalcoffee #cleanenergy #nocrash #morningritual #biohacking #deepwork #morningroutine #coffeeupgrade #performancecoffee #cleanlabel",0,"05/22/2026 03:43",https://www.instagram.com/p/DYo1TCWE2Jj/,"Carrossel do Instagram",,Total,131,81,2,1,0,0,0
18064129700394859,17841473486022892,powercoffee.ofc,"The Power Coffee","You’re not tired because you need more coffee. You’re tired because your coffee is incomplete. Regular coffee gives you 45 minutes of energy and a crash. Power Coffee gives you the whole morning. 11 ingredients. No crash. No jitters. Just clean focus from the first sip. Link in bio to try it.",0,"05/04/2026 09:15",https://www.instagram.com/p/DX7E-WFlXQe/,"Carrossel do Instagram",,Total,554,235,7,4,0,1,0
17947062197999687,17841473486022892,powercoffee.ofc,"The Power Coffee","One sip. All day energy! Make your coffee works better! Make your days better!!",32,"05/07/2026 08:54",https://www.instagram.com/reel/DYCwuGfMU_y/,"Reel do Instagram",,Total,250,161,8,2,0,0,0
